Epoch,Loss_D,Loss_G
1,1.428896520677851,0.5161797170480971
2,1.4290142335944414,0.5162039576973045
3,1.4289637566930022,0.5161482998020741
4,1.4290324963258776,0.5161818618273867
